<?xml version="1.0"?>
<config xmlns:xsi="http://www.w3.org/2001/XMLSchema-instance" xsi:noNamespaceSchemaLocation="urn:magento:module:Magento_Config:etc/system_file.xsd">
    <system>
        <tab id="rullion" translate="label" >
            <label>Rullion CMS Setting</label>
        </tab>
        <section id="cmssetting" translate="label"  showInDefault="1" showInWebsite="1" showInStore="1">
            <class>separator-top</class>
            <label>Rullion CMS Setting</label>
            <tab>rullion</tab>
            <resource>Rullion_Cms::rullion_config</resource>
            <group id="general" translate="label"  showInDefault="1" showInWebsite="1" showInStore="1">
                <label>General Configuration</label>
               <field id="langVar" translate="label" type="text" sortOrder="1" showInDefault="1" showInWebsite="1" showInStore="1">
                    <label>Language Variable</label>
                    <comment>Lannguage Variable (eg.en-us for US and en-gb for UK)</comment>
                </field>
            
            </group>
        </section>
    </system>
</config>